{"language":"zh-CN","myplaylist_5ecbeaad-f7ad-0d95-90df-046ee6a63ade":{"is_mine":1,"info":{"cover_img_url":"https://img1.doubanio.com/img/musician/large/22817.jpg","title":"周杰伦","id":"myplaylist_5ecbeaad-f7ad-0d95-90df-046ee6a63ade","source_url":""},"tracks":[{"id":"kgtrack_3718B9E15795C3F5100090450DA3AFC7","title":"花海","artist":"周杰伦F.M首播","artist_id":"kgartist_0","album":"","album_id":"kgalbum_","source":"kugou","source_url":"https://www.kugou.com/song/#hash=3718B9E15795C3F5100090450DA3AFC7&album_id=","img_url":"http://imge.kugou.com/commendpic/20160923/20160923162707215688.png","lyric_url":"3718B9E15795C3F5100090450DA3AFC7","sourceName":"酷狗","$$hashKey":"object:3278","disabled":false,"index":36,"playNow":true,"url":"https://webfs.hw.kugou.com/202401211345/c72a711aa653da851227da5a46b0a32d/v2/3718b9e15795c3f5100090450da3afc7/G294/M06/4B/C1/BpUEAGVVZXuAZnctAD-mDH_aFyk178.mp3","bitrate":"128kbps","platform":"kugou","platformText":"酷狗"},{"id":"kgtrack_22CAE13326EC950F34D3E4A65D3691A5","title":"青花瓷","artist":"周杰伦","artist_id":"kgartist_3520","album":"中国好声音第四季荣耀之战原唱曲目","album_id":"kgalbum_555030","source":"kugou","source_url":"https://www.kugou.com/song/#hash=22CAE13326EC950F34D3E4A65D3691A5&album_id=555030","img_url":"http://imge.kugou.com/stdmusic/20200909/20200909123533933759.jpg","lyric_url":"22CAE13326EC950F34D3E4A65D3691A5","sourceName":"酷狗","$$hashKey":"object:2068","disabled":false,"index":25,"playNow":true,"url":"https://webfs.hw.kugou.com/202401210808/3796c3ec342624b1b8261ceb687c4678/KGTX/CLTX001/22cae13326ec950f34d3e4a65d3691a5.mp3","bitrate":"128kbps","platform":"kugou","platformText":"酷狗"},{"id":"bitrack_v_BV1Ki4y1y7HC","title":"【私藏馆】周杰伦《稻香》超治愈神作！希望疫情早点过去","artist":"音乐私藏馆","artist_id":"biartist_v_229733301","source":"bilibili","source_url":"https://www.bilibili.com/BV1Ki4y1y7HC","img_url":"https://i1.hdslb.com/bfs/archive/86f0a7859d770f53225b942743374a8431dd2a41.jpg","sourceName":"哔哩","$$hashKey":"object:4752","disabled":false,"index":1,"playNow":true,"platform":"bilibili","platformText":"哔哩"}]},"myplaylist_0a0d2e71-3313-258a-7b3c-658bd03aca14":{"is_mine":1,"info":{"cover_img_url":"https://c-ssl.duitang.com/uploads/blog/202104/30/20210430000402_21cc7.jpeg","title":"原神","id":"myplaylist_0a0d2e71-3313-258a-7b3c-658bd03aca14","source_url":""},"tracks":[]},"current-playing":[{"id":"kgtrack_2DDD65A2909282945CB49B7ECE865924","title":"下一个天亮","artist":"林宝馨","artist_id":"kgartist_827883","album":"林宝馨的随意街头","album_id":"kgalbum_37714865","source":"kugou","source_url":"https://www.kugou.com/song/#hash=2DDD65A2909282945CB49B7ECE865924&album_id=37714865","img_url":"http://imge.kugou.com/stdmusic/20191121/20191121030908874139.jpg","lyric_url":"2DDD65A2909282945CB49B7ECE865924","sourceName":"酷狗","$$hashKey":"object:15727","disabled":false,"index":20,"playNow":true,"bitrate":"128kbps","platform":"kugou","platformText":"酷狗"},{"id":"kgtrack_331590592F5A23E0BCE4B09406F995C1","title":"开始懂了","artist":"林宝馨","artist_id":"kgartist_827883","album":"林宝馨的随意街头","album_id":"kgalbum_37714865","source":"kugou","source_url":"https://www.kugou.com/song/#hash=331590592F5A23E0BCE4B09406F995C1&album_id=37714865","img_url":"http://imge.kugou.com/stdmusic/20191121/20191121030908874139.jpg","lyric_url":"331590592F5A23E0BCE4B09406F995C1","sourceName":"酷狗","$$hashKey":"object:15408","disabled":false,"index":19,"playNow":true,"bitrate":"128kbps","platform":"kugou","platformText":"酷狗"},{"id":"kgtrack_6BC4933650B555D06B7DD3374A8B4393","title":"泪桥 (Live)","artist":"林宝馨","artist_id":"kgartist_827883","album":"","album_id":"kgalbum_","source":"kugou","source_url":"https://www.kugou.com/song/#hash=6BC4933650B555D06B7DD3374A8B4393&album_id=","img_url":"http://singerimg.kugou.com/uploadpic/softhead/400/20230823/20230823101508974.jpg","lyric_url":"6BC4933650B555D06B7DD3374A8B4393","sourceName":"酷狗","$$hashKey":"object:14401","disabled":false,"bitrate":"128kbps","platform":"kugou","platformText":"酷狗"},{"id":"bitrack_v_BV1Qq4y1R7Sg","title":"《漫步人生路》教室粤语翻唱邓丽君经典曲目！","artist":"浅影阿_","artist_id":"biartist_v_651386960","source":"bilibili","source_url":"https://www.bilibili.com/BV1Qq4y1R7Sg","img_url":"https://i0.hdslb.com/bfs/archive/96140bdd9e6d59ef464c23453af373379448e3ee.jpg","sourceName":"哔哩","$$hashKey":"object:10801","disabled":false},{"id":"kgtrack_22CAE13326EC950F34D3E4A65D3691A5","title":"青花瓷","artist":"周杰伦","artist_id":"kgartist_3520","album":"中国好声音第四季荣耀之战原唱曲目","album_id":"kgalbum_555030","source":"kugou","source_url":"https://www.kugou.com/song/#hash=22CAE13326EC950F34D3E4A65D3691A5&album_id=555030","img_url":"http://imge.kugou.com/stdmusic/20200909/20200909123533933759.jpg","lyric_url":"22CAE13326EC950F34D3E4A65D3691A5","sourceName":"酷狗","$$hashKey":"object:2068","disabled":false,"index":25,"playNow":true,"bitrate":"128kbps","platform":"kugou","platformText":"酷狗"},{"id":"kgtrack_7EC67A7B6C8037A66989E1E32FF7258F","title":"爱，很简单","artist":"陶喆","artist_id":"kgartist_2626","album":"十七岁的天空 电影原声带","album_id":"kgalbum_885125","source":"kugou","source_url":"https://www.kugou.com/song/#hash=7EC67A7B6C8037A66989E1E32FF7258F&album_id=885125","img_url":"http://imge.kugou.com/stdmusic/20190808/20190808122307245950.jpg","lyric_url":"7EC67A7B6C8037A66989E1E32FF7258F","sourceName":"酷狗","$$hashKey":"object:1821","disabled":false,"index":24,"playNow":true,"bitrate":"128kbps","platform":"kugou","platformText":"酷狗"},{"id":"bitrack_v_BV15541147PR","title":"《红色高跟鞋》- 蔡健雅（原曲）","artist":"卡尔与佩恩","artist_id":"biartist_v_32379490","source":"bilibili","source_url":"https://www.bilibili.com/BV15541147PR","img_url":"https://i0.hdslb.com/bfs/archive/0b0f93e472fc59212031f8b8aa1ecfcecf568bec.jpg","sourceName":"哔哩","$$hashKey":"object:3523","disabled":false,"platform":"bilibili","platformText":"哔哩"},{"id":"bitrack_v_BV1Ki4y1y7HC","title":"【私藏馆】周杰伦《稻香》超治愈神作！希望疫情早点过去","artist":"音乐私藏馆","artist_id":"biartist_v_229733301","source":"bilibili","source_url":"https://www.bilibili.com/BV1Ki4y1y7HC","img_url":"https://i1.hdslb.com/bfs/archive/86f0a7859d770f53225b942743374a8431dd2a41.jpg","sourceName":"哔哩","$$hashKey":"object:4752","disabled":false,"index":1,"playNow":true,"platform":"bilibili","platformText":"哔哩"}],"theme":"white","myplaylist_17b1fc34-5391-6068-fd04-15f27d3c8fb0":{"is_mine":1,"info":{"cover_img_url":"https://img.zcool.cn/community/01bcef5a459db2a801206ed3d7add1.jpg@1280w_1l_2o_100sh.jpg","title":"奇奇怪怪","id":"myplaylist_17b1fc34-5391-6068-fd04-15f27d3c8fb0","source_url":""},"tracks":[{"id":"bitrack_2478206","title":"【Mitchie M】Nechusho No!No! (feat. 初音未来 & MEIKO)","artist":"MitchieM","artist_id":"biartist_5669526","source":"bilibili","source_url":"https://www.bilibili.com/audio/au2478206","img_url":"http://i0.hdslb.com/bfs/music/dee637baa58ec632ebf928312dfd8986611a465b.jpg","lyric_url":""}]},"enable_lyric_translation":true,"myplaylist_c10cf477-d8af-0152-8936-11b60d011f07":{"is_mine":1,"info":{"cover_img_url":"https://tse3-mm.cn.bing.net/th/id/OIP-C.BF7YFLwe01R4VfJ8ni6g8wHaHa?rs=1&pid=ImgDetMain","title":"安静 &悠扬","id":"myplaylist_c10cf477-d8af-0152-8936-11b60d011f07","source_url":""},"tracks":[]},"auto_choose_source_list":["kuwo","qq","migu"],"myplaylist_8fc4dbbf-404c-c0ae-20d7-5e44a949ce6d":{"is_mine":1,"info":{"cover_img_url":"https://puui.qpic.cn/vpic_cover/u3224i0m5bs/u3224i0m5bs_hz.jpg/1280","title":"林宝馨","id":"myplaylist_8fc4dbbf-404c-c0ae-20d7-5e44a949ce6d","source_url":""},"tracks":[{"id":"kgtrack_6BC4933650B555D06B7DD3374A8B4393","title":"泪桥 (Live)","artist":"林宝馨","artist_id":"kgartist_827883","album":"","album_id":"kgalbum_","source":"kugou","source_url":"https://www.kugou.com/song/#hash=6BC4933650B555D06B7DD3374A8B4393&album_id=","img_url":"http://singerimg.kugou.com/uploadpic/softhead/400/20230823/20230823101508974.jpg","lyric_url":"6BC4933650B555D06B7DD3374A8B4393","sourceName":"酷狗","$$hashKey":"object:14401","disabled":false,"bitrate":"128kbps","platform":"kugou","platformText":"酷狗"},{"id":"kgtrack_331590592F5A23E0BCE4B09406F995C1","title":"开始懂了","artist":"林宝馨","artist_id":"kgartist_827883","album":"林宝馨的随意街头","album_id":"kgalbum_37714865","source":"kugou","source_url":"https://www.kugou.com/song/#hash=331590592F5A23E0BCE4B09406F995C1&album_id=37714865","img_url":"http://imge.kugou.com/stdmusic/20191121/20191121030908874139.jpg","lyric_url":"331590592F5A23E0BCE4B09406F995C1","sourceName":"酷狗","$$hashKey":"object:15408","disabled":false,"index":19,"playNow":true,"bitrate":"128kbps","platform":"kugou","platformText":"酷狗"},{"id":"kgtrack_2DDD65A2909282945CB49B7ECE865924","title":"下一个天亮","artist":"林宝馨","artist_id":"kgartist_827883","album":"林宝馨的随意街头","album_id":"kgalbum_37714865","source":"kugou","source_url":"https://www.kugou.com/song/#hash=2DDD65A2909282945CB49B7ECE865924&album_id=37714865","img_url":"http://imge.kugou.com/stdmusic/20191121/20191121030908874139.jpg","lyric_url":"2DDD65A2909282945CB49B7ECE865924","sourceName":"酷狗","$$hashKey":"object:15727","disabled":false,"index":20,"playNow":true,"bitrate":"128kbps","platform":"kugou","platformText":"酷狗"}]},"myplaylist_bfbf3f42-534d-48a7-a6f5-5f2360569ce0":{"tracks":[{"id":"kgtrack_42CFBD189080356DC9AB5C206022A69A","title":"漫步人生路 (2023中央广播电视总台中秋晚会现场)","artist":"檀健次","artist_id":"kgartist_179363","album":"","album_id":"kgalbum_","source":"kugou","source_url":"https://www.kugou.com/song/#hash=42CFBD189080356DC9AB5C206022A69A&album_id=","img_url":"http://singerimg.kugou.com/uploadpic/softhead/400/20230706/20230706155458735.jpg","lyric_url":"42CFBD189080356DC9AB5C206022A69A","sourceName":"酷狗","$$hashKey":"object:9261","disabled":false,"index":16,"playNow":true,"url":"https://webfs.hw.kugou.com/202401211424/ef08c497b354fa8e84f386eed4cb3249/KGTX/CLTX001/42cfbd189080356dc9ab5c206022a69a.mp3","bitrate":"128kbps","platform":"kugou","platformText":"酷狗"},{"id":"kgtrack_42CB0D701595A0C3A14A4AAC76C2B00A","title":"我可以抱你吗","artist":"张惠妹","artist_id":"kgartist_6809","album":"我最亲爱的张惠妹-给自己的精选","album_id":"kgalbum_535156","source":"kugou","source_url":"https://www.kugou.com/song/#hash=42CB0D701595A0C3A14A4AAC76C2B00A&album_id=535156","img_url":"http://imge.kugou.com/stdmusic/20200909/20200909113033828019.jpg","lyric_url":"42CB0D701595A0C3A14A4AAC76C2B00A","sourceName":"酷狗","$$hashKey":"object:8391","disabled":false,"index":13,"playNow":true,"url":"https://webfs.hw.kugou.com/202401211421/cf9ccc01ab00a03050ab54a05793a509/KGTX/CLTX001/42cb0d701595a0c3a14a4aac76c2b00a.mp3","bitrate":"128kbps","platform":"kugou","platformText":"酷狗"},{"id":"kgtrack_FE5DDD441B20128835DF02DE02F2F2AF","title":"让我欢喜让我忧","artist":"周华健","artist_id":"kgartist_3524","album":"一人一首成名曲第二辑（港台版）","album_id":"kgalbum_2548946","source":"kugou","source_url":"https://www.kugou.com/song/#hash=FE5DDD441B20128835DF02DE02F2F2AF&album_id=2548946","img_url":"http://imge.kugou.com/stdmusic/400/20190312/20190312195114968389.jpg","lyric_url":"FE5DDD441B20128835DF02DE02F2F2AF"},{"id":"kgtrack_A0F6D32581B765219B6FE8CAA11F091A","title":"最远的你是我最近的爱","artist":"车继铃","artist_id":"kgartist_426","album":"一人一首成名曲第二辑（港台版）","album_id":"kgalbum_2548946","source":"kugou","source_url":"https://www.kugou.com/song/#hash=A0F6D32581B765219B6FE8CAA11F091A&album_id=2548946","img_url":"http://imge.kugou.com/stdmusic/400/20221029/20221029180014434697.jpg","lyric_url":"A0F6D32581B765219B6FE8CAA11F091A"},{"id":"kgtrack_74121502DC510AC4BF9D01113B81C809","title":"一起走过的日子","artist":"刘德华","artist_id":"kgartist_1573","album":"回家真好 新曲+精选","album_id":"kgalbum_498364","source":"kugou","source_url":"https://www.kugou.com/song/#hash=74121502DC510AC4BF9D01113B81C809&album_id=498364","img_url":"http://imge.kugou.com/stdmusic/400/20190518/20190518145305837972.jpg","lyric_url":"74121502DC510AC4BF9D01113B81C809"}],"info":{"cover_img_url":"http://c1.kgimg.com/custom/400/20200608/20200608211130632757.png","title":"【怀旧经典】一人一首成名曲","id":"myplaylist_bfbf3f42-534d-48a7-a6f5-5f2360569ce0","source_url":"https://www.kugou.com/yy/special/single/2627947.html"},"is_mine":1},"player-settings":{"playmode":0,"nowplaying_track_id":"bitrack_v_BV1Qq4y1R7Sg","volume":20.408150809151785},"myplaylist_72958cd4-5b5c-bc6a-c42e-7dec96d89c7a":{"is_mine":1,"info":{"cover_img_url":"https://p1.ssl.qhimg.com/t01ecbfe9b2d3c0b1b1.jpg","title":"伍佰","id":"myplaylist_72958cd4-5b5c-bc6a-c42e-7dec96d89c7a","source_url":""},"tracks":[{"id":"bitrack_v_BV1Ki4y1y7HC","title":"【私藏馆】周杰伦《稻香》超治愈神作！希望疫情早点过去","artist":"音乐私藏馆","artist_id":"biartist_v_229733301","source":"bilibili","source_url":"https://www.bilibili.com/BV1Ki4y1y7HC","img_url":"https://i1.hdslb.com/bfs/archive/86f0a7859d770f53225b942743374a8431dd2a41.jpg","sourceName":"哔哩","$$hashKey":"object:4752","disabled":false,"index":1,"playNow":true,"platform":"bilibili","platformText":"哔哩"}]},"myplaylist_7096147c-986f-8cc1-05fc-8eb83113fcc2":{"tracks":[{"id":"kgtrack_35AF9A39A53F5C8BCBE452C1579DD75C","title":"纯音乐-安妮的仙境","artist":"未知","artist_id":"kgartist_0","album":"背景音乐之旅·静谧之曲","album_id":"kgalbum_1213708","source":"kugou","source_url":"https://www.kugou.com/song/#hash=35AF9A39A53F5C8BCBE452C1579DD75C&album_id=1213708","img_url":"http://imge.kugou.com/stdmusic/400/20210828/20210828230901197549.jpg","lyric_url":"35AF9A39A53F5C8BCBE452C1579DD75C"},{"id":"kgtrack_B6A00589C20D7730BD17470D8949A6E2","title":"The Rain","artist":"久石譲","artist_id":"kgartist_9932","album":"菊次郎の夏 (オリジナル・サウンドトラック)","album_id":"kgalbum_8271251","source":"kugou","source_url":"https://www.kugou.com/song/#hash=B6A00589C20D7730BD17470D8949A6E2&album_id=8271251","img_url":"http://imge.kugou.com/stdmusic/400/20210802/20210802090107557059.jpg","lyric_url":"B6A00589C20D7730BD17470D8949A6E2"},{"id":"kgtrack_C569BC5C0C3390B0D086077560B68E1C","title":"想い出は遠くの日々","artist":"天門","artist_id":"kgartist_98154","album":"劇場映画「秒速5センチメートル」-Soundtracks","album_id":"kgalbum_748085","source":"kugou","source_url":"https://www.kugou.com/song/#hash=C569BC5C0C3390B0D086077560B68E1C&album_id=748085","img_url":"http://imge.kugou.com/stdmusic/400/20200909/20200909114436637221.jpg","lyric_url":"C569BC5C0C3390B0D086077560B68E1C"},{"id":"kgtrack_293B0FAA1E7F43CB984C43A5E8AC0F5E","title":"Summer Fantasy","artist":"傅许","artist_id":"kgartist_297792","album":"Summer Fantasy（夏日幻想）","album_id":"kgalbum_4083300","source":"kugou","source_url":"https://www.kugou.com/song/#hash=293B0FAA1E7F43CB984C43A5E8AC0F5E&album_id=4083300","img_url":"http://imge.kugou.com/stdmusic/400/20210316/20210316110103568760.jpg","lyric_url":"293B0FAA1E7F43CB984C43A5E8AC0F5E"},{"id":"kgtrack_F5FF8D7ABC3426EFF1D13D4473A770CE","title":"Take Me Hand","artist":"ALisa","artist_id":"kgartist_822858","album":"治愈钢琴集","album_id":"kgalbum_40530014","source":"kugou","source_url":"https://www.kugou.com/song/#hash=F5FF8D7ABC3426EFF1D13D4473A770CE&album_id=40530014","img_url":"http://imge.kugou.com/stdmusic/400/20201214/20201214164901750504.jpg","lyric_url":"F5FF8D7ABC3426EFF1D13D4473A770CE"},{"id":"kgtrack_B2FA60E546280ECBFC6F6DB3F988AB9E","title":"Alpha","artist":"Vangelis","artist_id":"kgartist_85334","album":"Best Of","album_id":"kgalbum_1793418","source":"kugou","source_url":"https://www.kugou.com/song/#hash=B2FA60E546280ECBFC6F6DB3F988AB9E&album_id=1793418","img_url":"http://imge.kugou.com/stdmusic/400/20200812/20200812135503809168.jpg","lyric_url":"B2FA60E546280ECBFC6F6DB3F988AB9E"},{"id":"kgtrack_917D7E4E3BC0AB5CC6555D89921D08BB","title":"Sea of Blue","artist":"久石譲","artist_id":"kgartist_9932","album":"HANA-BI (オリジナル・サウンドトラック)","album_id":"kgalbum_8278740","source":"kugou","source_url":"https://www.kugou.com/song/#hash=917D7E4E3BC0AB5CC6555D89921D08BB&album_id=8278740","img_url":"http://imge.kugou.com/stdmusic/400/20210812/20210812084008802308.jpg","lyric_url":"917D7E4E3BC0AB5CC6555D89921D08BB"},{"id":"kgtrack_02F5480B32B45E8901E3BA88F261D3F3","title":"小幸运","artist":"昼夜","artist_id":"kgartist_541381","album":"哄你入睡","album_id":"kgalbum_13810189","source":"kugou","source_url":"https://www.kugou.com/song/#hash=02F5480B32B45E8901E3BA88F261D3F3&album_id=13810189","img_url":"http://imge.kugou.com/stdmusic/400/20220424/20220424180801444832.jpg","lyric_url":"02F5480B32B45E8901E3BA88F261D3F3"},{"id":"kgtrack_890B55F17222853611CB9ED1005D2BF6","title":"My Heart Will Go On","artist":"Andrew Fitzgerald","artist_id":"kgartist_306182","album":"Hollywood Love Songs","album_id":"kgalbum_36223194","source":"kugou","source_url":"https://www.kugou.com/song/#hash=890B55F17222853611CB9ED1005D2BF6&album_id=36223194","img_url":"http://imge.kugou.com/stdmusic/400/20200207/20200207105417438009.jpg","lyric_url":"890B55F17222853611CB9ED1005D2BF6"},{"id":"kgtrack_4AA2CD662569279C452E46B2520AC0AB","title":"病名为爱 ","artist":"灰澈","artist_id":"kgartist_785429","album":"旧曲补档","album_id":"kgalbum_8540101","source":"kugou","source_url":"https://www.kugou.com/song/#hash=4AA2CD662569279C452E46B2520AC0AB&album_id=8540101","img_url":"http://imge.kugou.com/stdmusic/400/20171222/20171222043925884877.jpg","lyric_url":"4AA2CD662569279C452E46B2520AC0AB"}],"info":{"cover_img_url":"http://c1.kgimg.com/custom/400/20210210/20210210172619402353.jpg","title":"『学习必备』集中注意力，提高效率","id":"myplaylist_7096147c-986f-8cc1-05fc-8eb83113fcc2","source_url":"https://www.kugou.com/yy/special/single/3553694.html"},"is_mine":1},"playerlists":["myplaylist_9d6d7126-1942-ba93-1f03-8005326c2e1a","myplaylist_6769be7c-b4bd-be1b-296d-ce92a5c3f8e0","myplaylist_5ecbeaad-f7ad-0d95-90df-046ee6a63ade","myplaylist_72958cd4-5b5c-bc6a-c42e-7dec96d89c7a","myplaylist_0a0d2e71-3313-258a-7b3c-658bd03aca14","myplaylist_17b1fc34-5391-6068-fd04-15f27d3c8fb0","myplaylist_bfbf3f42-534d-48a7-a6f5-5f2360569ce0","myplaylist_7096147c-986f-8cc1-05fc-8eb83113fcc2","myplaylist_c10cf477-d8af-0152-8936-11b60d011f07","myplaylist_8fc4dbbf-404c-c0ae-20d7-5e44a949ce6d"],"myplaylist_6769be7c-b4bd-be1b-296d-ce92a5c3f8e0":{"is_mine":1,"info":{"cover_img_url":"https://img.tukuppt.com/ad_preview/00/13/89/5c997f203b677.jpg!/fw/980","title":"纯音乐","id":"myplaylist_6769be7c-b4bd-be1b-296d-ce92a5c3f8e0","source_url":""},"tracks":[{"id":"bitrack_v_BV1RK4y127rB","title":"仙剑奇侠传-莫失莫忘 好听哭了","artist":"球球特别大","artist_id":"biartist_v_40489639","source":"bilibili","source_url":"https://www.bilibili.com/BV1RK4y127rB","img_url":"https://i1.hdslb.com/bfs/archive/a880b89632cafa62bb84e25f084c6b06590e98a1.png","sourceName":"哔哩","$$hashKey":"object:4938"}]},"myplaylist_9d6d7126-1942-ba93-1f03-8005326c2e1a":{"is_mine":1,"info":{"cover_img_url":"https://ts1.cn.mm.bing.net/th/id/R-C.d7d029e79034148fd55984ec6880ce15?rik=VSuJyH05ZaXz4w&riu=http%3a%2f%2fimg.mp.itc.cn%2fupload%2f20161231%2fb9be08582eef4fed9aab08c9676b15a6_th.jpeg&ehk=WGnvlgCEZd7rBP9k02erZ6Wj8u8cfcoX6n1CNdENTOo%3d&risl=&pid=ImgRaw&r=0","title":"我的音乐","id":"myplaylist_9d6d7126-1942-ba93-1f03-8005326c2e1a","source_url":""},"tracks":[{"id":"kgtrack_2DDD65A2909282945CB49B7ECE865924","title":"下一个天亮","artist":"林宝馨","artist_id":"kgartist_827883","album":"林宝馨的随意街头","album_id":"kgalbum_37714865","source":"kugou","source_url":"https://www.kugou.com/song/#hash=2DDD65A2909282945CB49B7ECE865924&album_id=37714865","img_url":"http://imge.kugou.com/stdmusic/20191121/20191121030908874139.jpg","lyric_url":"2DDD65A2909282945CB49B7ECE865924","sourceName":"酷狗","$$hashKey":"object:15727","disabled":false,"index":20,"playNow":true,"url":"https://webfs.hw.kugou.com/202401211614/0dd057a00913a14f57ae21e66ac6a444/v2/2ddd65a2909282945cb49b7ece865924/G206/M0B/06/07/Dg4DAF59_oqAXiQCADEXfcu9mek693.mp3","bitrate":"128kbps","platform":"kugou","platformText":"酷狗"},{"id":"kgtrack_331590592F5A23E0BCE4B09406F995C1","title":"开始懂了","artist":"林宝馨","artist_id":"kgartist_827883","album":"林宝馨的随意街头","album_id":"kgalbum_37714865","source":"kugou","source_url":"https://www.kugou.com/song/#hash=331590592F5A23E0BCE4B09406F995C1&album_id=37714865","img_url":"http://imge.kugou.com/stdmusic/20191121/20191121030908874139.jpg","lyric_url":"331590592F5A23E0BCE4B09406F995C1","sourceName":"酷狗","$$hashKey":"object:15408","disabled":false,"index":19,"playNow":true,"url":"https://webfs.hw.kugou.com/202401211607/6eeeaf230de7d3304f42594a22e0d2a4/v2/331590592f5a23e0bce4b09406f995c1/G327/M0A/02/F3/J5UEAGTKLjCAAJFcADyJ8jfXu4E512.mp3","bitrate":"128kbps","platform":"kugou","platformText":"酷狗"},{"id":"kgtrack_6BC4933650B555D06B7DD3374A8B4393","title":"泪桥 (Live)","artist":"林宝馨","artist_id":"kgartist_827883","album":"","album_id":"kgalbum_","source":"kugou","source_url":"https://www.kugou.com/song/#hash=6BC4933650B555D06B7DD3374A8B4393&album_id=","img_url":"http://singerimg.kugou.com/uploadpic/softhead/400/20230823/20230823101508974.jpg","lyric_url":"6BC4933650B555D06B7DD3374A8B4393","sourceName":"酷狗","$$hashKey":"object:14401","disabled":false,"bitrate":"128kbps","platform":"kugou","platformText":"酷狗"},{"id":"bitrack_v_BV1Qq4y1R7Sg","title":"《漫步人生路》教室粤语翻唱邓丽君经典曲目！","artist":"浅影阿_","artist_id":"biartist_v_651386960","source":"bilibili","source_url":"https://www.bilibili.com/BV1Qq4y1R7Sg","img_url":"https://i0.hdslb.com/bfs/archive/96140bdd9e6d59ef464c23453af373379448e3ee.jpg","sourceName":"哔哩","$$hashKey":"object:10801"},{"id":"kgtrack_22CAE13326EC950F34D3E4A65D3691A5","title":"青花瓷","artist":"周杰伦","artist_id":"kgartist_3520","album":"中国好声音第四季荣耀之战原唱曲目","album_id":"kgalbum_555030","source":"kugou","source_url":"https://www.kugou.com/song/#hash=22CAE13326EC950F34D3E4A65D3691A5&album_id=555030","img_url":"http://imge.kugou.com/stdmusic/20200909/20200909123533933759.jpg","lyric_url":"22CAE13326EC950F34D3E4A65D3691A5","sourceName":"酷狗","$$hashKey":"object:2068","disabled":false,"index":25,"playNow":true,"url":"https://webfs.hw.kugou.com/202401210808/3796c3ec342624b1b8261ceb687c4678/KGTX/CLTX001/22cae13326ec950f34d3e4a65d3691a5.mp3","bitrate":"128kbps","platform":"kugou","platformText":"酷狗"},{"id":"kgtrack_7EC67A7B6C8037A66989E1E32FF7258F","title":"爱，很简单","artist":"陶喆","artist_id":"kgartist_2626","album":"十七岁的天空 电影原声带","album_id":"kgalbum_885125","source":"kugou","source_url":"https://www.kugou.com/song/#hash=7EC67A7B6C8037A66989E1E32FF7258F&album_id=885125","img_url":"http://imge.kugou.com/stdmusic/20190808/20190808122307245950.jpg","lyric_url":"7EC67A7B6C8037A66989E1E32FF7258F","sourceName":"酷狗","$$hashKey":"object:1821","disabled":false,"index":24,"playNow":true,"url":"https://webfs.hw.kugou.com/202401210801/f319d25fc4a2b31e1a09ed31d5344f6b/v2/7ec67a7b6c8037a66989e1e32ff7258f/G333/M04/FE/73/LZUEAGTYB0eAO2WPAEIP24b0rJE237.mp3","bitrate":"128kbps","platform":"kugou","platformText":"酷狗"},{"id":"bitrack_v_BV15541147PR","title":"《红色高跟鞋》- 蔡健雅（原曲）","artist":"卡尔与佩恩","artist_id":"biartist_v_32379490","source":"bilibili","source_url":"https://www.bilibili.com/BV15541147PR","img_url":"https://i0.hdslb.com/bfs/archive/0b0f93e472fc59212031f8b8aa1ecfcecf568bec.jpg","sourceName":"哔哩","$$hashKey":"object:3523","disabled":false,"platform":"bilibili","platformText":"哔哩"},{"id":"bitrack_v_BV1Ki4y1y7HC","title":"【私藏馆】周杰伦《稻香》超治愈神作！希望疫情早点过去","artist":"音乐私藏馆","artist_id":"biartist_v_229733301","source":"bilibili","source_url":"https://www.bilibili.com/BV1Ki4y1y7HC","img_url":"https://i1.hdslb.com/bfs/archive/86f0a7859d770f53225b942743374a8431dd2a41.jpg","sourceName":"哔哩","$$hashKey":"object:4752","disabled":false,"index":1,"playNow":true,"url":"https://cn-tj-cu-01-06.bilivideo.com/upgcxcode/19/38/550103819/550103819-1-30280.m4s?e=ig8euxZM2rNcNbdlhoNvNC8BqJIzNbfqXBvEqxTEto8BTrNvN0GvT90W5JZMkX_YN0MvXg8gNEV4NC8xNEV4N03eN0B5tZlqNxTEto8BTrNvNeZVuJ10Kj_g2UB02J0mN0B5tZlqNCNEto8BTrNvNC7MTX502C8f2jmMQJ6mqF2fka1mqx6gqj0eN0B599M=&uipk=5&nbs=1&deadline=1705676925&gen=playurlv2&os=bcache&oi=0&trid=00009b49546dce8742aca49c6411261ce4dbu&mid=0&platform=pc&upsig=ed1318ded914c32f31b7d96f709620af&uparams=e,uipk,nbs,deadline,gen,os,oi,trid,mid,platform&cdnid=87206&bvc=vod&nettype=0&orderid=0,3&buvid=2B700623-AB32-92DE-6AB7-04371BF9EB1558418infoc&build=0&f=u_0_0&agrr=0&bw=39975&logo=80000000","platform":"bilibili","platformText":"哔哩"}]}}